-0.06762581,0.18469244,-0.39741027,-0.32382905,1.8273895,1.3654323,0.121837534
-0.12527099,0.02494992,-0.31359577,-0.10287375,1.5608815,1.315106,0.19048809
-0.12527099,-0.006998538,-0.33935696,-0.30567542,1.5910336,1.2664033,0.2744303
-0.3673811,-0.16674106,-0.24266185,-0.12154602,-0.69082093,0.37676615,0.24384655
0.24348651,0.2166409,-0.14596671,-0.12154602,2.2125623,1.315106,0.121837534
0.35877705,0.24858947,-0.03639109,-0.08420147,2.3604062,1.1673744,-0.297765
-0.35585204,-0.07089557,-0.37818012,-0.13969962,0.050344024,0.67222965,-0.13758068
-0.56320286,-0.23016122,-0.50698596,-0.2133514,-0.48364505,0.32643992,-0.5571833
-0.56320286,0.02494992,-0.5263975,-0.02922198,-0.39416054,0.37676615,-0.6640089
-0.42502636,-0.07089557,-0.3910607,-0.010549695,-0.30564862,0.37676615,-0.7326594
-0.4711426,-0.19821271,-0.44258305,-0.10287375,-0.1869844,0.12838203,-0.740251
-0.9551906,-0.38990375,-0.842244,-0.30567542,-0.80948526,0.17870815,-0.297765
-0.7130806,-0.29405826,-0.610212,-0.23202367,-0.83866495,0.12838203,-0.45035756
-0.8744873,-0.3260067,-0.7197877,-0.2133514,-1.0458411,0.079679206,-0.71736753
-0.89754534,-0.38990375,-0.7069072,-0.2133514,-1.2238374,-0.21740764,-0.6105419
-0.7246096,-0.3260067,-0.57157034,-0.15837191,-0.9271769,-0.06967597,-0.77842635
-0.4365554,-0.26210973,-0.39741027,-0.15837191,-0.2161641,0.079679206,-0.42747414
-0.4480845,-0.3260067,-0.40394127,-0.25017726,-0.1578047,0.029353077,-0.26728982
-0.40196827,-0.29405826,-0.35876852,-0.23202367,-0.45349252,0.12838203,-0.2825816
-0.37891012,-0.26210973,-0.36511812,-0.26884955,-0.1578047,0.4757951,-0.3588237
-0.4711426,-0.35795522,-0.4168219,-0.3425013,-0.1578047,0.17870815,-0.297765
-0.59779006,-0.35795522,-0.50698596,-0.3425013,-0.69082093,0.77125865,-0.4198824
-0.6323772,-0.35795522,-0.5456278,-0.3425013,-0.5721567,0.32643992,-0.5114164
-0.7246096,-0.4218522,-0.6036811,-0.3793272,-0.8979971,0.2777372,-0.48853284
-0.77072585,-0.51769775,-0.6165617,-0.3793272,-1.0166614,0.029353077,-0.40459064
-0.79378396,-0.51769775,-0.62309265,-0.3793272,-1.0759935,0.079679206,-0.38170722
-0.77072585,-0.4218522,-0.6294423,-0.3793272,-0.9271769,0.22741097,-0.36641532
-0.74766773,-0.4218522,-0.6165617,-0.3793272,-0.83866495,0.2777372,-0.38929886
-0.57473195,-0.4857492,-0.4683442,-0.3793272,-0.69082093,0.029353077,-0.54959154
-0.18291625,0.18469244,-0.08156378,0.39453498,-0.33482832,-0.11837869,-0.40459064
-0.14832915,-0.006998538,-0.11385594,0.2659037,-0.6013364,0.029353077,-0.30546513
-0.8514292,0.24858947,-0.7069072,0.22907785,-0.7793329,0.029353077,-0.297765
-0.86295825,0.44028044,-0.90029734,0.22907785,-0.6013364,0.32643992,-0.23670629
-3.5022507,0.50417745,-3.6917562,0.5055313,-0.48364505,0.2777372,-0.2215229
-3.62907,0.72781694,-3.8270931,0.5055313,-0.098472476,0.12838203,-0.09181374
-4.1592345,1.3987353,-4.291157,1.26124,-0.6013364,0.4757951,0.007420362
-3.582954,0.72781694,-3.820562,0.5605108,-0.631489,0.2777372,0.007420362
-3.0758476,0.600023,-2.9760673,0.7633125,-1.1051732,0.029353077,0.19807974
-2.2920444,0.31248638,-2.1573336,0.39453498,-1.1353257,-0.11837869,0.36596417
-1.4738258,-0.23016122,-1.6158048,-0.13969962,-0.30564862,0.32643992,0.23625492
-0.48267162,-0.07089557,-0.44893262,-0.02922198,0.07952373,0.67222965,0.06837047
-0.49420065,-0.4538007,-0.53927815,-0.545303,0.19818793,0.5732005,0.13712941
-0.28667775,-0.51769775,-0.27495402,-0.47165126,-0.12765218,0.4757951,0.06077883
-0.20597441,-0.4538007,-0.23631226,-0.50847715,-0.068320185,0.17870815,-0.00027987704
-0.32126495,-0.51769775,-0.30071518,-0.45297897,-0.2161641,0.5244978,-0.038346674
-0.37891012,-0.16674106,-0.30724618,-0.28700313,-0.7793329,0.22741097,-0.030755034
-0.49420065,-0.13479254,-0.39741027,-0.2133514,-0.36498085,0.2777372,-0.10710562
0.12819599,0.37638342,-0.23631226,-0.12154602,1.7087255,1.2160771,-0.10710562
0.047664795,0.2166409,-0.26207343,-0.17652552,1.5317016,1.1170481,-0.09181374
0.024606558,0.31248638,-0.31359577,-0.12154602,1.5608815,1.2160771,-0.14517231
-0.12527099,-0.19821271,-0.35876852,-0.15837191,1.3235531,0.96931654,-0.25199807
-0.21750346,-0.19821271,-0.4102909,-0.19519779,1.4130377,0.92061377,-0.20623112
0.20889932,0.2166409,-0.13961715,-0.26884955,2.0938978,0.92061377,-0.31305677
0.3818351,0.18469244,0.08606522,0.0076038907,2.331226,0.62352675,-0.3435319
-0.9897778,0.08884695,-0.9195276,0.41320726,-0.5128248,0.17870815,0.015012002
-1.727293,0.37638342,-1.7253804,0.7451589,-0.9271769,0.029353077,-0.038346674
-2.5572126,0.66391987,-2.5635257,0.39453498,-0.8688174,-0.06967597,-0.038346674
-2.7186193,0.7597655,-2.789208,0.7633125,-0.45349252,0.22741097,0.045487158
-1.9578738,0.5680744,-2.0863996,0.1554261,-0.03914049,0.22741097,0.09895422
-2.626387,0.02494992,-2.6731014,0.3577091,-0.80948526,0.079679206,0.24384655
-3.2603126,0.15274398,-3.3822591,-0.2133514,-1.0166614,0.12838203,0.17519622
-1.7734091,0.24858947,-1.7125,0.28405738,-0.986509,0.22741097,0.33548903
-1.6467617,0.408332,-1.5514019,0.24723144,-0.8979971,0.32643992,0.41932264
-2.1423388,-0.038947053,-2.2734404,-0.02922198,-0.5721567,0.4757951,0.6100906
-0.45961353,-0.10284408,-0.48775584,-0.15837191,0.13885595,0.5732005,0.5261484
-0.6323772,-0.4218522,-0.6359733,-0.3793272,0.07952373,0.62352675,0.42702287
-0.35585204,-0.4218522,-0.30724618,-0.3793272,-0.24631639,0.37676615,0.3126055
-0.17138723,-0.3260067,-0.21055108,-0.3793272,0.25752017,0.62352675,0.17519622
-0.3673811,-0.4857492,-0.28148502,-0.36065492,-0.39416054,0.37676615,0.121837534
-0.14832915,-0.038947053,-0.010629885,0.063102044,-0.45349252,0.32643992,0.083662346
-0.27514872,0.2166409,-0.13308619,0.063102044,-0.6606687,0.32643992,-0.015463156
-0.18291625,0.2166409,-0.12020559,-0.066047885,-0.80948526,0.2777372,0.045487158
-0.27514872,0.18469244,-0.12673655,0.1554261,-1.1353257,0.029353077,0.06837047
-0.66696435,-0.3260067,-0.4812248,-0.23202367,-1.0458411,0.079679206,0.06077883
-0.4480845,-0.51769775,-0.2555424,0.026276175,-1.2238374,0.029353077,0.06077883
-0.28667775,-0.10284408,-0.100975424,-0.02922198,-1.0166614,0.22741097,-0.06893022
0.024606558,-0.07089557,0.12470694,-0.02922198,-0.48364505,0.079679206,0.015012002
0.070550725,0.79171395,0.066653654,0.70833296,-0.30564862,0.079679206,0.015012002
-0.6208482,0.15274398,-0.6359733,0.08125567,-0.1578047,0.5244978,0.13712941
-1.5430002,0.08884695,-1.5642825,0.13675381,-0.27549633,0.42546886,0.06077883
-2.4419222,0.600023,-2.6086984,0.5236849,-0.27549633,0.5732005,-0.015463156
-2.9374993,0.7597655,-3.1308155,0.3577091,0.22736786,0.77125865,0.13712941
-3.2833707,0.8875594,-3.4403126,0.5236849,-0.098472476,0.4757951,0.19807974
-3.6982446,0.66391987,-3.7884512,0.46870542,-0.6606687,0.37676615,0.34308067
-3.4446056,0.66391987,-3.6142912,0.61600894,-0.7793329,0.4757951,0.411731
-3.2026672,0.8236624,-3.3628478,-0.066047885,-0.69082093,0.5732005,0.6176823
-2.7532063,0.12079541,-2.7632656,-0.010549695,-0.8688174,0.2777372,0.80085856
-1.9002287,-0.006998538,-1.8349562,0.13675381,-0.631489,0.5244978,0.8084502
-0.75919676,0.056898378,-0.7907217,0.026276175,0.020191735,0.5244978,0.86191726
-0.45961353,-0.3260067,-0.4812248,-0.3425013,-0.068320185,0.17870815,0.59479874
-0.27514872,-0.10284408,-0.26207343,-0.08420147,-0.068320185,0.42546886,0.38125584
-0.15985818,-0.10284408,-0.18460852,-0.12154602,0.16900824,0.37676615,0.289722
-0.28667775,0.15274398,-0.26207343,0.04442976,-0.03914049,0.62352675,0.289722
-0.32126495,-0.10284408,-0.21690069,-0.17652552,-0.631489,0.12838203,0.3126055
-0.19444537,0.18469244,-0.023510488,0.09992795,-0.54200447,0.2777372,0.26673007
-0.25209057,-0.006998538,-0.062152214,0.1735797,-0.80948526,0.12838203,0.24384655
-0.090683885,0.12079541,0.034542885,0.33955553,-0.986509,0.12838203,0.20577976
-0.2636197,-0.19821271,-0.19767052,0.0076038907,-0.69082093,0.37676615,0.16760457
-0.06762581,0.4722289,-0.03639109,0.21040556,-0.72000086,0.32643992,0.09895422
-0.0560967,0.37638342,0.002250719,0.19225198,-0.83866495,0.2777372,0.14472106
-0.009980552,0.2166409,0.021662284,-0.15837191,-0.068320185,0.37676615,0.083662346
0.05919375,0.08884695,0.040892445,0.026276175,0.3168524,0.67222965,0.106545866
-0.6323772,0.18469244,-0.681146,0.2659037,0.050344024,0.82158464,0.3126055
-1.4046516,0.72781694,-1.5577514,0.3577091,-0.008987967,0.96931654,0.48038134
-2.1192808,0.8236624,-2.215387,0.2659037,-0.12765218,0.8702876,0.38125584
-2.7186193,1.0792506,-2.8859034,0.70833296,-0.008987967,0.67222965,0.4499064
-2.914441,1.0792506,-3.1888688,0.9292883,0.22736786,0.5244978,0.5185568
-3.4100182,0.72781694,-3.6208222,0.30272964,-0.27549633,0.4757951,0.3735558
-3.398489,0.85561097,-3.556238,0.70833296,-0.45349252,0.42546886,0.45749804
-3.2372544,0.7597655,-3.2726836,0.7819848,-0.6606687,0.42546886,0.64056575
-2.6840322,0.79171395,-2.7375042,0.39453498,-0.54200447,0.4757951,0.8466254
-1.9232868,0.12079541,-1.9447132,0.1554261,-0.6606687,0.37676615,0.9228676
-0.79378396,0.18469244,-0.6682654,0.21040556,-0.008987967,0.5244978,0.9457509
-0.25209057,0.408332,-0.22978124,0.30272964,-0.008987967,0.42546886,0.732208
-0.15985818,0.08884695,-0.14596671,0.09992795,0.22736786,0.5244978,0.411731
-0.07915485,-0.038947053,-0.10732498,-0.047375597,0.10967624,0.42546886,0.39643934
-0.17138723,-0.19821271,-0.15884732,-0.25017726,-0.008987967,0.5732005,0.3888475
-0.06762581,-0.006998538,-0.030041449,0.1735797,0.050344024,0.37676615,0.35837233
-0.12527099,0.02494992,-0.15884732,0.11808153,-0.39416054,0.37676615,0.35837233
0.45100948,0.8236624,0.053773046,0.21040556,1.8867218,1.5131639,0.32778877
0.12819599,0.66391987,-0.11385594,0.04442976,1.79821,1.3654323,0.28202194
0.25501564,0.6319714,-0.12673655,0.13675381,1.4130377,1.0683454,0.289722
0.105137914,0.600023,-0.10732498,0.21040556,1.8575419,1.5634902,0.2515468
0.30113178,0.24858947,-0.03639109,0.063102044,1.6202135,1.1170481,0.16760457
0.22042844,0.44028044,0.26004386,0.3577091,-0.2161641,0.12838203,0.17519622
0.28960282,0.72781694,0.40844268,0.6341626,-0.008987967,0.2777372,0.22866328
-0.29820678,0.9514565,-0.34588796,0.7264866,0.07952373,0.7225557,0.3126055
-1.3124192,0.8875594,-1.2870778,0.8737901,0.050344024,0.67222965,0.4499064
-2.1538677,1.0473019,-2.208856,0.5423572,0.050344024,0.82158464,0.50326484
-2.476509,1.0153533,-2.7632656,0.6709885,0.37618437,0.5732005,0.5872071
-2.6955612,1.3348384,-3.0212398,1.1689159,0.7020247,0.8702876,0.65585744
-3.3640742,1.0153533,-3.4918349,0.6709885,-0.1578047,0.5244978,0.5643236
-3.0182025,0.7597655,-3.2017496,0.8737901,-0.03914049,0.77125865,0.6253825
-2.7532063,0.9514565,-3.0341206,0.6528349,-0.098472476,0.82158464,0.80085856
-2.3266315,1.0473019,-2.5569944,0.6341626,0.34603208,1.0196427,0.91527575
-1.5199422,0.44028044,-1.6544466,0.32088324,0.050344024,0.8702876,0.9381593
-0.94366163,0.2166409,-1.0162227,0.19225198,0.4355166,1.1170481,0.8084502
-0.21750346,0.408332,-0.31359577,0.28405738,0.4646963,0.92061377,0.724508
-0.07915485,0.31248638,-0.12673655,0.21040556,0.34603208,0.5732005,0.54144025
0.16278318,0.50417745,0.040892445,0.43187955,0.7020247,0.5244978,0.49567324
-0.009980552,0.34443495,-0.08791342,0.2659037,0.49484858,0.4757951,0.35837233
0.036135674,0.69586843,0.13123798,0.80013835,-0.03914049,0.5732005,0.2515468
0.33571896,0.85561097,0.42132327,0.9661142,-0.27549633,0.77125865,0.19807974
0.05919375,0.6319714,0.14411859,0.61600894,-0.45349252,0.7225557,0.1142459
0.036135674,0.98340493,0.20217188,1.1134177,-0.7793329,0.12838203,0.083662346
0.11666703,0.91950786,0.1698797,0.6528349,-0.72000086,0.32643992,0.03789531
0.22042844,0.9514565,0.39556208,1.1502435,-0.8688174,0.2777372,0.007420362
0.047664795,0.85561097,0.13758755,0.6709885,-0.72000086,0.62352675,-0.038346674
0.3818351,0.79171395,0.298867,0.61600894,0.19818793,0.5732005,-0.05363855
0.37030616,0.79171395,0.40844268,0.8737901,0.49484858,1.0683454,-0.007871516
-0.2636197,0.72781694,-0.33300734,0.7633125,0.28669986,1.1673744,0.14472106
-1.1625415,1.0473019,-1.2870778,0.9661142,0.3168524,0.92061377,0.25913844
-2.0962226,1.2070444,-2.3249626,1.00294,0.5240283,0.82158464,0.17519622
-2.6033287,0.79171395,-2.8664916,0.70833296,0.25752017,0.67222965,0.34308067
-2.8683248,1.0792506,-3.1565769,0.9847865,0.40536407,0.77125865,0.3506723
-3.3640742,0.9514565,-3.562769,0.6341626,0.050344024,0.7225557,0.50326484
-3.1796093,1.2709415,-3.4595428,1.0584383,-0.03914049,0.7225557,0.49567324
-2.8106794,1.1750959,-2.8987837,0.9479606,-0.12765218,0.67222965,0.7855667
-1.9924611,0.79171395,-2.0542889,0.5055313,-0.008987967,0.77125865,0.8466254
-1.0589521,0.408332,-0.97758085,0.41320726,0.22736786,0.7225557,0.8466254
-1.1164253,-0.10284408,-1.2419051,-0.15837191,0.10967624,0.5732005,0.9763347
-0.22903249,0.31248638,-0.3201268,0.24723144,0.25752017,0.5244978,0.8771006
-0.12527099,0.15274398,-0.13961715,0.1735797,0.07952373,0.42546886,0.5338484
0.105137914,0.18469244,0.008781679,0.04442976,0.5833605,0.62352675,0.40413937
0.05919375,0.31248638,-0.030041449,0.1554261,0.553208,0.62352675,0.3126055
-0.033038624,0.08884695,-0.08156378,-0.10287375,0.22736786,0.62352675,0.30490547
0.1397251,0.2166409,0.20217188,0.2659037,-0.24631639,0.5244978,0.2515468
0.5086548,0.91950786,0.20217188,0.5791831,1.9460539,1.1170481,0.19807974
0.53171283,0.8236624,0.18929127,0.5055313,1.7388775,1.0196427,0.19807974
0.577829,0.85561097,0.24081369,0.61600894,1.6795455,1.414135,0.22866328
0.18584125,0.28053793,-0.14596671,0.026276175,1.5317016,1.414135,0.20577976
0.5432419,0.6319714,0.22140203,0.5605108,1.4422171,0.67222965,0.13712941
0.25501564,0.53612596,0.24716325,0.486859,-0.39416054,0.029353077,0.24384655
0.22042844,0.600023,0.2536942,0.45003313,-0.008987967,0.37676615,0.289722
-0.37891012,0.4722289,-0.4102909,0.5055313,0.28669986,0.5244978,0.2515468
-1.035894,0.408332,-1.3514807,0.41320726,0.07952373,0.96931654,0.34308067
-0.9782488,0.6319714,-0.99046147,0.41320726,0.07952373,0.7225557,0.5185568
-0.7130806,0.66391987,-0.82936347,0.28405738,0.5833605,0.92061377,0.5338484
-2.0616355,0.72781694,-2.2926707,-0.3793272,0.6426925,0.82158464,0.5185568
-1.4622968,0.2166409,-1.6158048,0.19225198,-0.068320185,0.7225557,0.50326484
-1.8541125,0.408332,-1.9768239,0.04442976,-0.1578047,0.67222965,0.54144025
-0.79378396,0.50417745,-0.8808858,0.486859,-0.1869844,0.62352675,0.411731
-0.59779006,0.18469244,-0.6036811,0.1554261,-0.098472476,0.67222965,0.5643236
-0.21750346,0.2166409,-0.18460852,0.11808153,-0.068320185,0.62352675,0.59479874
-0.21750346,0.02494992,-0.2555424,0.22907785,0.050344024,0.82158464,0.5261484
-0.21750346,0.08884695,-0.24266185,0.0076038907,0.07952373,0.4757951,0.4499064
-0.15985818,0.056898378,-0.17825888,-0.010549695,0.10967624,0.5732005,0.45749804
-0.07915485,-0.006998538,-0.100975424,-0.047375597,0.34603208,0.32643992,0.45749804
-0.17138723,-0.26210973,-0.17172791,-0.32382905,0.050344024,0.4757951,0.46508968
-0.14832915,0.15274398,-0.24266185,-0.010549695,-0.27549633,0.7225557,0.4727897
-0.19444537,0.056898378,-0.08156378,0.1554261,-0.098472476,0.67222965,0.44220617
-0.25209057,0.2166409,-0.12673655,0.08125567,-0.5128248,0.4757951,0.41932264
-0.25209057,0.2166409,-0.12673655,0.08125567,-0.5128248,0.4757951,0.41932264
-0.25209057,0.2166409,-0.12673655,0.08125567,-0.5128248,0.4757951,0.41932264
-0.25209057,0.2166409,-0.12673655,0.08125567,-0.5128248,0.4757951,0.41932264
-0.25209057,0.2166409,-0.12673655,0.08125567,-0.5128248,0.4757951,0.41932264
-0.25209057,0.2166409,-0.12673655,0.08125567,-0.5128248,0.4757951,0.41932264
-0.25209057,0.2166409,-0.12673655,0.08125567,-0.5128248,0.4757951,0.41932264
-0.25209057,0.2166409,-0.12673655,0.08125567,-0.5128248,0.4757951,0.41932264
-0.25209057,0.2166409,-0.12673655,0.08125567,-0.5128248,0.4757951,0.41932264
-0.25209057,0.2166409,-0.12673655,0.08125567,-0.5128248,0.4757951,0.41932264
-0.25209057,0.2166409,-0.12673655,0.08125567,-0.5128248,0.4757951,0.41932264
-0.25209057,0.2166409,-0.12673655,0.08125567,-0.5128248,0.4757951,0.41932264
-0.25209057,0.2166409,-0.12673655,0.08125567,-0.5128248,0.4757951,0.41932264
-0.25209057,0.2166409,-0.12673655,0.08125567,-0.5128248,0.4757951,0.41932264
-0.25209057,0.2166409,-0.12673655,0.08125567,-0.5128248,0.4757951,0.41932264
-0.25209057,0.2166409,-0.12673655,0.08125567,-0.5128248,0.4757951,0.41932264
-0.25209057,0.2166409,-0.12673655,0.08125567,-0.5128248,0.4757951,0.41932264
-0.25209057,0.2166409,-0.12673655,0.08125567,-0.5128248,0.4757951,0.41932264
-0.25209057,0.2166409,-0.12673655,0.08125567,-0.5128248,0.4757951,0.41932264
-0.25209057,0.2166409,-0.12673655,0.08125567,-0.5128248,0.4757951,0.41932264
-0.25209057,0.2166409,-0.12673655,0.08125567,-0.5128248,0.4757951,0.41932264
-0.25209057,0.2166409,-0.12673655,0.08125567,-0.5128248,0.4757951,0.41932264
-0.25209057,0.2166409,-0.12673655,0.08125567,-0.5128248,0.4757951,0.41932264
-0.25209057,0.2166409,-0.12673655,0.08125567,-0.5128248,0.4757951,0.41932264
0.12819599,0.2166409,0.20852152,0.3763814,-0.42431283,0.5244978,0.48038134
0.11666703,0.72781694,0.15046814,0.486859,-0.5721567,0.22741097,0.48038134
0.19737037,0.66391987,0.24716325,0.46870542,-0.72000086,0.2777372,0.5338484
0.3126609,0.5680744,0.39556208,0.8556366,-0.6013364,0.22741097,0.5490319
0.4164223,1.0473019,0.46649605,0.7264866,-0.72000086,0.17870815,0.5338484
0.577829,0.9514565,0.5695408,0.8369643,-0.098472476,0.2777372,0.5185568
-0.04456766,0.44028044,-0.042922053,0.33955553,0.25752017,0.67222965,0.4499064
-0.10221292,0.6319714,-0.075032815,0.7451589,-0.098472476,1.0196427,0.5872071
-0.75919676,0.5680744,-0.6036811,0.41320726,-0.6606687,0.4757951,0.38125584
-1.1855996,0.28053793,-1.1967323,0.33955553,-0.5721567,0.22741097,0.50326484
-1.8886997,0.5680744,-2.0414085,0.33955553,-0.48364505,0.22741097,0.5338484
-3.398489,0.600023,-3.5112464,0.5055313,-0.12765218,0.4757951,0.6100906
-3.3410158,0.98340493,-3.5112464,0.61600894,-0.42431283,0.67222965,0.63297415
-3.1911385,0.4722289,-3.3822591,0.04442976,-0.24631639,0.5244978,0.69403285
-1.6121744,0.37638342,-1.6932697,0.3577091,-0.42431283,0.42546886,0.7169164
-2.430393,0.37638342,-2.5054724,0.19225198,-0.45349252,0.4757951,0.83892536
-1.704235,0.408332,-1.7253804,0.3763814,-0.42431283,0.67222965,0.86191726
-0.75919676,0.44028044,-0.6617344,0.46870542,-0.068320185,0.82158464,0.8771006
-0.35585204,0.34443495,-0.35876852,0.32088324,0.020191735,0.62352675,0.7702748
0.105137914,0.31248638,0.066653654,0.24723144,0.40536407,0.8702876,0.65585744
0.35877705,0.34443495,0.22140203,0.09992795,0.8206889,0.5732005,0.64056575
0.1743123,0.24858947,0.10547678,0.19225198,0.6125402,0.67222965,0.5338484
-0.021509588,0.056898378,-0.08156378,-0.2133514,0.25752017,0.7225557,0.5261484
-0.2636197,-0.07089557,-0.062152214,-0.010549695,-1.1353257,-0.26611045,-0.1604642
0.23195755,0.6319714,0.22793308,0.486859,-0.6606687,0.17870815,0.06837047
0.0936088,0.66391987,0.20217188,0.6896608,-0.72000086,-0.019349743,0.09895422
0.12819599,0.600023,0.2536942,0.61600894,-0.69082093,0.12838203,0.015012002
0.070550725,0.15274398,-0.062152214,0.33955553,-0.7793329,0.12838203,0.02260364
-0.22903249,0.2166409,-0.062152214,0.08125567,-0.83866495,0.12838203,-0.09940538
0.105137914,0.31248638,0.14411859,0.22907785,-0.03914049,0.32643992,-0.06893022
-0.06762581,0.02494992,-0.075032815,0.09992795,0.22736786,0.5244978,-0.046046704
-0.17138723,0.69586843,-0.100975424,0.5605108,-0.03914049,0.42546886,-0.00027987704
-1.024365,0.2166409,-0.9969924,0.2659037,-0.33482832,0.4757951,-0.023163395
-1.704235,0.408332,-1.7190309,0.5423572,-0.42431283,0.42546886,0.02260364
-1.8771706,1.111199,-2.221918,0.9661142,-0.03914049,0.5732005,0.14472106
-2.2920444,0.7597655,-2.4281888,0.7633125,0.10967624,0.5732005,0.2133714
-2.8222086,0.79171395,-2.924545,0.9661142,-0.42431283,0.37676615,0.22866328
-2.8683248,0.8875594,-2.9889479,0.8924624,-0.7501532,0.079679206,0.32019714
-2.476509,0.98340493,-2.5248837,1.039766,-0.631489,0.42546886,0.3888475
-2.0039902,0.66391987,-2.0992804,0.5605108,-0.1869844,0.7225557,0.42702287
-1.3700644,0.408332,-1.2870778,0.46870542,-0.33482832,0.62352675,0.48038134
-0.4711426,0.53612596,-0.5198665,0.43187955,-0.098472476,0.62352675,0.48038134
-0.344323,-0.3260067,-0.37818012,-0.3793272,0.07952373,0.37676615,0.41932264
-0.090683885,-0.07089557,-0.08156378,-0.066047885,-0.03914049,0.5732005,0.30490547
0.20889932,-0.038947053,0.079534255,-0.19519779,0.7613567,0.82158464,0.25913844
0.15125406,0.02494992,0.015131323,-0.12154602,0.7020247,0.67222965,0.19807974
0.5432419,0.7597655,0.5243679,0.80013835,0.22736786,0.77125865,0.1523127
0.1397251,0.5680744,0.15699911,0.41320726,-0.098472476,0.62352675,0.083662346
0.7736509,1.238993,0.35673895,0.6341626,2.3020463,1.711222,0.09125399
0.5547709,1.111199,0.31174758,0.70833296,1.8867218,1.0683454,0.030303672
0.05919375,0.44028044,-0.2878346,0.08125567,1.9460539,1.2664033,0.05318719
0.63547426,1.2709415,0.32462817,0.7819848,1.6493934,1.1170481,0.007420362
0.60088724,0.9514565,0.35673895,0.8556366,1.9168739,1.3654323,-0.05363855
0.20889932,0.50417745,0.20852152,0.3763814,0.050344024,0.2777372,-0.10710562
-0.21750346,-0.07089557,-0.17825888,-0.066047885,-0.008987967,0.4757951,-0.1222889
-0.4365554,0.2166409,-0.4748752,0.04442976,0.050344024,0.67222965,-0.05363855
-0.75919676,0.600023,-0.7778411,0.45003313,-0.12765218,0.5732005,-0.05363855
-2.0155194,0.79171395,-2.1058114,0.46870542,0.050344024,0.96931654,0.05318719
-2.5802708,0.8236624,-2.756916,0.70833296,-0.008987967,0.77125865,0.06077883
-2.9836154,0.79171395,-3.1759884,0.486859,0.07952373,0.37676615,0.14472106
-3.5598958,0.72781694,-3.652933,0.45003313,-0.54200447,0.22741097,0.16760457
-2.4419222,0.12079541,-2.5312333,0.09992795,-0.39416054,0.4757951,0.24384655
-2.2920444,0.31248638,-2.5569944,0.3763814,-0.1578047,0.67222965,0.3506723
-2.3612187,0.6319714,-2.4668305,0.30272964,-0.45349252,0.62352675,0.3888475
-1.9117577,0.02494992,-2.015466,0.04442976,-0.2161641,0.82158464,0.40413937
-0.7361387,0.02494992,-0.73266834,0.04442976,-0.12765218,0.62352675,0.3126055
-0.4365554,-0.16674106,-0.3845297,-0.08420147,-0.27549633,0.22741097,0.26673007
-0.13680011,-0.16674106,-0.08791342,-0.10287375,-0.2161641,0.2777372,0.2744303
0.105137914,-0.10284408,0.06030401,-0.12154602,0.37618437,0.42546886,0.2515468
0.024606558,-0.16674106,0.002250719,-0.010549695,0.07952373,0.32643992,0.17519622
-0.15985818,-0.16674106,-0.11385594,-0.15837191,-0.1869844,0.22741097,0.12942939
-0.0560967,0.2166409,0.04742349,0.24723144,-0.2161641,0.4757951,0.07607071
0.16278318,0.31248638,0.20852152,0.3577091,-0.39416054,0.5732005,-0.05363855
-0.21750346,0.408332,-0.06868326,0.46870542,-0.631489,0.029353077,-0.15287244
-0.13680011,0.28053793,-0.11385594,0.2659037,-0.48364505,0.2777372,-0.22911453
-0.10221292,0.056898378,-0.017160846,0.063102044,-0.5128248,0.2777372,-0.27488148
-0.21750346,-0.16674106,-0.11385594,-0.12154602,-0.6013364,0.7225557,-0.33594027
0.08207984,0.31248638,-0.030041449,0.2659037,0.13885595,0.32643992,-0.39699897
0.25501564,0.85561097,0.1698797,0.5236849,0.4646963,1.1170481,-0.42747414
-0.17138723,0.600023,-0.12673655,0.5236849,-0.008987967,0.67222965,-0.4198824
-1.2893611,0.44028044,-1.1967323,0.45003313,-0.2161641,0.67222965,-0.31305677
-2.4649801,0.8875594,-2.4345384,1.0216123,-0.098472476,0.82158464,-0.24440631
-1.5545292,0.98340493,-1.5965748,0.5423572,0.19818793,0.82158464,-0.1833476
-3.4100182,1.111199,-3.6917562,1.1689159,0.10967624,0.5732005,-0.10710562
-3.744361,0.91950786,-3.9109073,0.9661142,-0.42431283,0.67222965,-0.06123019
-3.5598958,1.0473019,-3.6981058,0.91061604,-0.6013364,0.4757951,-0.007871516
-3.2026672,1.1431475,-3.3370864,1.0952641,-0.631489,0.42546886,0.121837534
-2.1077516,0.44028044,-2.0863996,0.45003313,-0.6013364,0.42546886,0.289722
-1.035894,0.44028044,-0.9518198,0.43187955,-0.39416054,0.62352675,0.121837534
-0.06762581,0.31248638,-0.030041449,0.5055313,-0.24631639,0.32643992,0.083662346
-0.35585204,-0.13479254,-0.27495402,-0.047375597,-0.36498085,0.22741097,0.045487158
-0.27514872,-0.19821271,-0.17172791,-0.10287375,-0.5721567,0.079679206,0.030303672
-0.15985818,-0.29405826,-0.13961715,-0.26884955,-0.068320185,0.22741097,-0.05363855
-0.27514872,-0.006998538,-0.15249775,0.11808153,-0.30564862,0.12838203,-0.046046704
-0.27514872,0.02494992,-0.18460852,0.026276175,-0.6013364,0.079679206,-0.14517231
-0.090683885,0.4722289,-0.030041449,0.5055313,-0.6013364,0.22741097,-0.1833476
0.32418984,0.85561097,0.4857262,0.80013835,-0.6013364,0.22741097,-0.24440631
0.16278318,1.0153533,0.42132327,1.0584383,-0.7793329,0.029353077,-0.2825816
0.25501564,0.6319714,0.33097774,0.81881064,-0.8688174,0.22741097,-0.2825816
0.12819599,0.8236624,0.39556208,0.6709885,-0.8688174,0.17870815,-0.41218236
0.16278318,0.85561097,0.17622936,0.59733665,-0.54200447,0.37676615,-0.41218236
0.15125406,0.600023,0.19564092,0.6709885,0.19818793,0.5244978,-0.41218236
0.7851798,1.2070444,0.8275153,1.224414,0.25752017,0.37676615,-0.50382465
0.25501564,0.91950786,0.4019117,0.5605108,0.28669986,0.37676615,-0.43506578
0.08207984,0.85561097,0.04742349,0.5236849,-0.068320185,0.96931654,-0.5267081
-0.28667775,0.15274398,-0.13961715,0.5236849,-1.1051732,-0.21740764,-0.6564173
-0.21750346,0.34443495,-0.055802654,0.43187955,-0.80948526,-0.21740764,-1.0683197
-0.29820678,0.50417745,-0.22343169,0.7264866,-0.631489,-0.11837869,-1.0454363
-0.51708674,0.15274398,-0.2878346,0.3763814,-1.0166614,0.2777372,-1.1751454
-0.29820678,0.24858947,-0.20402008,0.24723144,-1.1645054,-0.26611045,-1.1369702
-0.18291625,0.18469244,-0.11385594,0.32088324,-0.9573292,-0.06967597,-1.0225527
-0.30973583,0.2166409,-0.12020559,0.5236849,-0.69082093,0.029353077,-1.1751454
-0.21750346,0.2166409,-0.09444438,0.22907785,-0.631489,-0.06967597,-0.8318934
0.0936088,0.15274398,0.16334875,0.11808153,-0.1578047,0.079679206,-0.78601795
-0.35585204,-0.86913127,-0.2878346,-0.7481047,-0.30564862,0.029353077,-0.77083457
-0.41349733,-0.6135432,-0.3201268,-0.43482536,-0.5721567,-0.06967597,-0.7555428
-0.40196827,-0.6135432,-0.33935696,-0.48980483,-0.45349252,0.17870815,-0.9920777
-0.5286158,-0.6454917,-0.44258305,-0.5634566,-0.631489,0.22741097,-0.7326594
-0.22903249,-0.038947053,-0.19767052,0.08125567,-0.6606687,0.2777372,-0.6640089
-0.39043924,0.02494992,-0.26207343,0.1554261,-0.8688174,0.079679206,-0.6334254
-0.5057298,-0.10284408,0.42132327,0.9479606,-1.0458411,-0.019349743,-0.58006674
0.18584125,0.408332,0.34385833,0.6528349,-1.0759935,-0.11837869,-0.49612448
0.12819599,0.79171395,0.31174758,0.8924624,-0.83866495,0.17870815,-0.38929886
-0.10221292,0.4722289,0.14411859,0.30272964,-0.80948526,0.12838203,-0.32834855
0.05919375,0.50417745,0.29233602,0.5055313,-0.9573292,-0.019349743,-0.2215229
0.3126609,0.50417745,0.37615052,0.70833296,-0.39416054,0.12838203,-0.2825816
0.047664795,0.15274398,-0.055802654,0.19225198,-0.03914049,0.67222965,-0.41218236
-0.14832915,0.2166409,-0.12020559,0.13675381,-0.1578047,0.37676615,-0.6716006
-0.67849344,0.2166409,-0.6036811,0.11808153,-0.45349252,0.2777372,-0.44276592
-0.79378396,0.056898378,-0.6359733,0.21040556,-0.5721567,0.22741097,-0.41218236
-0.113741964,0.2166409,-0.17172791,0.28405738,0.020191735,0.2777372,-0.4198824
-0.57473195,0.12079541,-0.7132568,0.063102044,0.28669986,0.42546886,-0.41218236
-1.3008901,-0.35795522,-1.2161438,-0.10287375,-0.48364505,0.22741097,-0.24440631
-1.5314711,0.02494992,-1.480468,0.21040556,-0.631489,0.32643992,-0.35123205
-1.3700644,0.2166409,-1.2870778,0.2659037,-0.80948526,0.5244978,-0.33594027
-1.4738258,0.2166409,-1.4998795,0.39453498,-0.54200447,0.32643992,-0.3435319
-0.88601637,-0.13479254,-0.82283247,-0.10287375,-0.48364505,0.42546886,-0.26728982
-1.1971287,-0.23016122,-1.2290244,-0.25017726,-0.068320185,0.77125865,-0.36641532
-0.42502636,-0.006998538,-0.44893262,0.0076038907,-0.008987967,0.32643992,-0.297765
-0.344323,-0.07089557,-0.28148502,0.026276175,-0.42431283,0.12838203,-0.2825816
-0.19444537,-0.10284408,-0.18460852,-0.02922198,-0.12765218,0.22741097,-0.22911453
-0.12527099,0.15274398,-0.100975424,0.39453498,-0.1578047,0.22741097,-0.31305677
-0.40196827,0.056898378,-0.27495402,0.08125567,-0.6013364,0.2777372,-0.3206484
-0.113741964,0.34443495,-0.010629885,0.41320726,-0.72000086,0.17870815,-0.12998903
0.43948036,1.3667868,0.5243679,1.3348917,-0.72000086,0.22741097,-0.16805583
0.3126609,0.72781694,0.4470844,0.91061604,-0.8688174,0.079679206,-0.20623112
0.28960282,0.91950786,0.5437796,0.9661142,-0.8688174,0.17870815,-0.23670629
0.28960282,0.91950786,0.4342039,0.8737901,-0.8688174,0.12838203,-0.23670629
0.16278318,0.28053793,0.31174758,0.41320726,-0.9573292,0.17870815,-0.2215229
0.46253845,0.72781694,0.49860683,0.7819848,0.19818793,0.4757951,-0.14517231
0.4048932,1.30289,0.46649605,1.2057418,0.3168524,0.5732005,-0.1604642
0.23195755,0.44028044,0.298867,1.2425677,-0.03914049,-1.8992765,-0.09181374
-0.35585204,0.44028044,-0.4102909,1.039766,0.28669986,-1.6021897,-0.10710562
-1.4622968,0.18469244,-1.6158048,0.7633125,0.19818793,-1.5031607,-0.076521866
-2.8222086,0.24858947,-3.1694577,0.6896608,0.5240283,-1.4041318,0.06077883
-2.6955612,0.18469244,-2.8341992,0.9847865,0.6426925,-1.6508926,0.045487158
-3.548367,-0.10284408,-3.7175174,0.28405738,0.13885595,-1.8992765,0.083662346
-3.813535,0.12079541,-3.988191,0.7264866,-0.6013364,-2.1460373,0.19048809
-3.1104348,0.02494992,-3.2469225,0.8556366,-0.5128248,-1.9966822,0.36596417
-1.9578738,-0.23016122,-2.015466,0.7451589,-0.42431283,-1.8002478,0.50326484
-1.9117577,-0.4857492,-1.9962356,0.28405738,-0.098472476,-1.7499213,0.4346145
-0.67849344,-0.6135432,-0.8099519,0.13675381,0.13885595,-1.8002478,0.4346145
-0.75919676,-0.9010797,-0.8099519,-0.08420147,-0.008987967,-2.0470083,0.5796155
-0.28667775,-0.8052342,-0.28148502,-0.047375597,-0.068320185,-1.9966822,0.26673007
-0.113741964,-0.8052342,-0.13961715,-0.02922198,0.13885595,-2.1460373,0.22866328
-0.22903249,-0.9649767,-0.21690069,-0.15837191,0.020191735,-2.0470083,0.20577976
-0.14832915,-0.9649767,-0.13308619,0.19225198,-0.39416054,-2.19474,0.16001293
0.0936088,-0.038947053,0.16334875,0.3577091,-0.39416054,-1.9966822,0.12942939
0.32418984,0.12079541,0.4728456,0.8924624,-0.69082093,-2.2450662,0.083662346
0.3126609,0.50417745,0.45343405,1.2057418,-0.5721567,-2.1460373,0.09895422
0.4048932,0.44028044,0.5760717,1.13209,-0.6013364,-2.0957112,0.045487158
0.2780737,0.08884695,0.5437796,1.0952641,-0.8688174,-2.2450662,0.015012002
0.20889932,0.18469244,0.24081369,0.6709885,-0.5128248,-2.0470083,0.083662346
0.56630003,0.12079541,0.46649605,0.70833296,0.13885595,-1.9966822,0.06077883
0.53171283,0.31248638,0.45343405,0.8924624,0.40536407,-1.8489505,0.106545866
-0.24056153,0.08884695,-0.20402008,0.9479606,0.22736786,-1.6508926,0.1142459
-1.3931226,0.12079541,-1.5385213,0.486859,0.49484858,-1.4528346,0.32778877
-2.0731645,-0.038947053,-2.3314939,0.8556366,-0.03914049,-1.8489505,0.25913844
-2.660974,0.50417745,-3.059882,1.3348917,0.7312044,-1.5031607,0.26673007
-2.9490283,0.12079541,-3.2661524,0.8924624,0.49484858,-1.9966822,0.23625492
-3.38696,-0.16674106,-3.6723444,0.24723144,-0.2161641,-1.9479795,0.38125584
-1.7157639,-0.4218522,-1.8028454,0.13675381,-0.30564862,-2.1460373,0.46508968
-2.5341544,0.18469244,-2.6602206,0.5055313,-0.30564862,-1.9479795,0.55673194
-2.0616355,-0.23016122,-2.1638646,0.5236849,-0.36498085,-2.0470083,0.54144025
-1.934816,-0.4538007,-1.8608987,0.24723144,-0.2161641,-1.8002478,0.65585744
-0.27514872,-0.4857492,-0.33935696,0.21040556,0.13885595,-2.0470083,0.5490319
-0.41349733,-0.77328575,-0.35876852,0.026276175,0.07952373,-2.1460373,0.38125584
-0.17138723,-0.74133724,-0.16537836,0.04442976,0.07952373,-2.1460373,0.35837233
-0.04456766,-0.8052342,-0.100975424,-0.02922198,0.28669986,-2.0470083,0.2744303
-0.13680011,-0.9649767,-0.15249775,-0.15837191,0.4355166,-1.9479795,0.28202194
-0.24056153,-0.51769775,-0.22978124,-0.12154602,0.13885595,-2.0470083,0.2133714
-0.06762581,-0.4538007,-0.03639109,0.11808153,-0.33482832,-2.0470083,0.19048809
0.33571896,0.15274398,0.34385833,0.7451589,-0.27549633,-1.9479795,0.14472106
0.047664795,-0.038947053,0.1698797,0.19225198,-0.5721567,-2.1460373,0.19048809
0.34724793,0.44028044,0.49860683,0.9292883,-0.45349252,-2.0957112,0.23625492
0.070550725,-0.038947053,0.17622936,0.9479606,-0.5128248,-2.0957112,0.26673007
0.33571896,-0.006998538,0.44055346,0.80013835,-0.72000086,-2.2937691,0.22096324
0.34724793,-0.23016122,0.3375088,0.43187955,-0.008987967,-2.1460373,0.25913844
0.6239453,0.408332,0.6147135,1.1502435,0.19818793,-1.9966822,0.19807974
0.0936088,0.28053793,0.040892445,0.7451589,0.19818793,-1.6021897,0.22866328
-0.93213254,0.2166409,-1.0227536,0.9479606,0.3168524,-1.5518636,0.4727897
-1.1971287,0.31248638,-1.3193699,0.7451589,0.19818793,-1.5518636,0.29731363
-1.1164253,-0.23016122,-1.2032633,0.6341626,0.34603208,-1.8002478,0.3735558
-1.0704812,0.056898378,-1.1580905,0.7819848,0.37618437,-1.8992765,0.26673007
-1.0589521,-0.4218522,-1.1130992,0.30272964,-0.098472476,-1.8002478,0.40413937
-0.4480845,-0.16674106,-0.4618132,0.486859,-0.30564862,-1.9479795,0.49567324
-0.6208482,-0.13479254,-0.6940266,0.39453498,-0.2161641,-1.9479795,0.48038134
-0.48267162,0.056898378,-0.33300734,0.6528349,-0.30564862,-1.8489505,0.50326484
-0.25209057,-0.51769775,-0.19113947,0.30272964,-0.33482832,-1.9966822,0.06077883
-0.090683885,-0.6135432,-0.11385594,0.21040556,0.16900824,-2.0470083,0.22096324
-0.48267162,-0.77328575,-0.53927815,-0.010549695,-0.098472476,-2.1460373,0.33548903
-0.28667775,-0.8052342,-0.24266185,0.0076038907,-0.1869844,-2.19474,0.25913844
-0.07915485,-0.77328575,-0.11385594,-0.02922198,0.22736786,-2.0957112,0.26673007
-0.19444537,-1.0288738,-0.17825888,-0.3793272,-0.068320185,-2.1460373,0.25913844
-0.19444537,-0.9649767,-0.24266185,-0.10287375,-0.12765218,-2.0470083,0.2744303
-0.24056153,-0.6135432,-0.19767052,-0.2133514,-0.27549633,-2.1460373,-0.26728982
0.26654458,0.02494992,0.29233602,0.3763814,-0.5128248,-2.19474,-0.38929886
0.16278318,-0.51769775,0.16334875,0.7633125,-0.69082093,-2.2450662,-0.297765
-0.15985818,-0.6774403,0.008781679,0.3763814,-0.8979971,-2.3927982,0.06077883
-0.021509588,-0.23016122,0.15046814,0.3577091,-0.9573292,-2.4431243,0.1142459
-0.04456766,-0.26210973,0.11835738,0.5605108,-0.8979971,-2.3927982,-0.56477493
0.024606558,-0.4538007,0.034542885,0.30272964,-0.33482832,-2.19474,-0.19863938
0.12819599,-0.10284408,0.1698797,0.5055313,-0.098472476,-2.19474,-0.56477493
0.56630003,0.08884695,0.64700556,1.0584383,-0.008987967,-1.9479795,-0.5114164
-0.79378396,-0.10284408,-0.7713101,0.486859,-0.27549633,-2.1460373,-0.19863938
-0.48267162,-0.038947053,-0.51351696,0.6341626,0.16900824,-1.7499213,0.007420362
-0.15985818,0.34443495,-0.43605205,0.6341626,0.3168524,-1.7012186,0.015012002
-0.4365554,0.02494992,-0.49410537,0.486859,0.5833605,-1.8489505,0.02260364
-0.3673811,-0.35795522,-0.31359577,0.22907785,-0.24631639,-1.8489505,-0.2595897
-0.27514872,-0.038947053,-0.39741027,0.5605108,0.020191735,-1.4041318,0.14472106
-0.13680011,0.056898378,-0.18460852,0.3763814,0.10967624,-1.4041318,0.23625492
-0.41349733,-0.29405826,-0.42970246,0.22907785,-0.03914049,-1.5031607,-0.2595897
0.08207984,-0.35795522,0.015131323,0.19225198,0.34603208,-1.3538055,-0.39699897
0.16278318,-0.51769775,0.14411859,0.08125567,0.34603208,-1.6021897,-0.6029502
-0.18291625,-0.9649767,-0.20402008,-0.43482536,0.16900824,-1.8489505,-0.3588237
-0.33279398,-0.9649767,-0.30071518,-0.6189548,-0.12765218,-2.1460373,-0.2215229
-0.21750346,-0.9649767,-0.2555424,-0.3425013,0.25752017,-1.9479795,-0.20623112
-0.2636197,-0.9649767,-0.31359577,-0.3425013,-0.1869844,-2.0957112,-0.09181374
-0.24056153,-0.9330282,-0.22343169,-0.30567542,-0.45349252,-2.0470083,-0.007871516
-0.20597441,-0.6135432,-0.100975424,0.026276175,-0.631489,-2.0957112,-0.030755034
0.08207984,-0.19821271,0.14411859,0.7633125,-0.7793329,-2.19474,-0.076521866
-0.113741964,-0.3260067,0.06030401,0.46870542,-0.9573292,-2.3440952,-0.007871516
0.070550725,-0.23016122,0.13758755,0.46870542,-0.8979971,-2.2450662,-0.05363855
0.024606558,-0.38990375,0.14411859,0.33955553,-0.8688174,-2.2450662,-0.06893022
-0.21750346,-0.6774403,-0.062152214,0.0076038907,-0.80948526,-2.2450662,-0.12998903
0.036135674,-0.6454917,0.08606522,0.04442976,-0.12765218,-2.1460373,-0.21382277
0.4855967,-0.006998538,0.37615052,0.28405738,0.020191735,-1.7499213,-0.22911453
0.070550725,-0.38990375,0.11835738,0.2659037,0.4646963,-1.5518636,-0.46564934
0.036135674,-0.006998538,0.015131323,0.46870542,0.34603208,-1.6508926,-0.29017335
-1.3354772,-0.038947053,-1.4224147,0.6341626,0.3168524,-1.7499213,-0.2215229
-0.94366163,-0.10284408,-1.080807,0.41320726,0.37618437,-1.7499213,-0.19863938
-1.5775874,-0.006998538,-1.7705534,0.61600894,0.5833605,-1.8489505,-0.14517231
-2.1423388,-0.07089557,-2.2734404,-0.010549695,-0.39416054,-2.0470083,-0.08411371
-1.4046516,-0.35795522,-1.3772418,-0.02922198,-0.2161641,-1.8489505,-0.030755034
-3.1219642,0.2166409,-3.3628478,1.26124,-0.068320185,-1.5518636,0.09895422
-1.3354772,-0.6774403,-1.2676662,0.41320726,-0.1578047,-1.8489505,0.06837047
-1.0013069,-0.70938873,-0.92605853,0.0076038907,-0.1869844,-1.9479795,0.06077883
-0.94366163,-0.9010797,-0.90029734,0.08125567,0.19818793,-2.0957112,0.17519622
-0.41349733,-1.0927708,-0.42970246,-0.3793272,0.07952373,-2.19474,0.05318719
-0.30973583,-1.2205647,-0.29436558,-0.80308414,-0.03914049,-2.2450662,0.06077883
-0.18291625,-1.2205647,-0.19767052,-0.5266307,-0.03914049,-2.2450662,0.030303672
-0.27514872,-1.2205647,-0.24919285,-0.50847715,-0.1869844,-2.19474,-0.015463156
-0.29820678,-0.86913127,-0.04927161,-0.19519779,-0.5128248,-2.2937691,-0.09181374
0.0015485663,-0.77328575,0.14411859,0.486859,-0.6606687,-2.4431243,-0.09181374
0.35877705,0.08884695,0.51801836,0.8924624,-0.83866495,-2.491827,-0.19093925
0.18584125,-0.10284408,0.28598645,0.43187955,-0.9271769,-2.491827,-0.2215229
0.23195755,-0.07089557,0.40844268,0.7633125,-1.0166614,-2.5405297,-0.30546513
0.024606558,-0.51769775,0.20217188,0.5423572,-0.80948526,-2.3927982,-0.35123205
0.08207984,-0.26210973,0.11835738,0.5236849,-0.83866495,-2.2937691,-0.31305677
0.47406757,-0.038947053,0.5695408,0.80013835,-0.2161641,-2.2450662,-0.26728982
0.16278318,-0.51769775,0.16334875,-0.26884955,0.16900824,-2.1460373,-0.2595897
0.11666703,-0.16674106,0.079534255,0.486859,0.10967624,-1.8992765,-0.29017335
-0.27514872,-0.19821271,-0.26207343,0.3763814,-0.068320185,-1.7012186,-0.25199807
-1.035894,0.37638342,-1.1646215,1.039766,0.34603208,-1.6021897,-0.25199807
-1.1164253,0.5680744,-1.2999585,1.1689159,0.6125402,-1.6021897,-0.2595897
-0.4711426,0.18469244,-0.5586897,0.8737901,0.7020247,-1.6021897,-0.19093925
-1.969403,0.15274398,-2.1381035,0.7451589,-0.12765218,-1.7499213,-0.1604642
-1.4622968,-0.07089557,-1.5577514,0.6528349,-0.098472476,-1.7499213,-0.1833476
-1.969403,0.31248638,-2.0414085,1.4085435,-0.1869844,-1.6021897,-0.14517231
-2.3266315,0.69586843,-2.447419,1.4085435,-0.12765218,-1.3538055,-0.15287244
-1.5199422,-0.19821271,-1.7125,0.6341626,-0.1869844,-1.8002478,-0.14517231
-0.06762581,-0.5815947,-0.10732498,0.13675381,0.3168524,-1.9479795,-0.1833476
-0.3673811,-1.3483586,-0.3845297,-0.6557806,0.22736786,-2.0470083,-0.16805583
-0.24056153,-1.0608222,-0.21690069,-0.2133514,-0.12765218,-2.19474,-0.15287244
-0.12527099,-0.8371827,-0.14596671,-0.08420147,0.13885595,-1.9966822,-0.20623112
-0.27514872,-0.9330282,-0.21690069,-0.19519779,0.16900824,-1.9966822,-0.19093925
-0.07915485,-0.6774403,-0.017160846,-0.010549695,-0.1869844,-1.9479795,-0.19863938
-0.113741964,-0.19821271,0.053773046,0.6528349,-0.30564862,-1.9479795,-0.2595897
0.35877705,-0.038947053,0.46649605,0.6528349,-0.6606687,-2.2450662,-0.27488148
0.4164223,-0.10284408,0.5760717,0.80013835,-0.48364505,-2.0957112,-0.26728982
0.30113178,0.056898378,0.44055346,0.7451589,-0.54200447,-2.0957112,-0.29017335
0.18584125,-0.29405826,0.26004386,0.61600894,-0.36498085,-1.9966822,-0.297765
0.12819599,-0.006998538,0.24081369,0.33955553,-0.54200447,-2.0470083,-0.297765
0.35877705,-0.10284408,0.31174758,0.59733665,0.16900824,-1.8489505,-0.3206484
0.83129615,0.18469244,0.76946187,0.8369643,0.5240283,-1.8002478,-0.3206484
0.6698893,0.34443495,0.64700556,1.13209,0.3168524,-1.4528346,-0.3435319
-0.009980552,0.12079541,-0.08156378,0.6341626,0.25752017,-1.4041318,-0.33594027
-0.021509588,0.056898378,-0.17172791,0.61600894,0.34603208,-1.4528346,-0.3206484
0.1743123,0.28053793,-0.03639109,0.91061604,0.49484858,-1.5518636,-0.40459064
0.25501564,-0.23016122,0.11835738,0.45003313,0.93838054,-1.6021897,-0.3435319
-0.6554353,-0.3260067,-0.62309265,0.45003313,-0.30564862,-2.0470083,-0.37411547
-0.40196827,-0.16674106,-0.32647634,0.70833296,-0.098472476,-1.6508926,-0.30546513
-0.58626103,-0.16674106,-0.57157034,0.6709885,-0.1578047,-1.8002478,-0.2825816
-0.4711426,-0.23016122,-0.39741027,0.3577091,-0.1869844,-1.9479795,-0.27488148
-0.96671975,-0.3260067,-0.92605853,0.5236849,-0.42431283,-2.0957112,-0.26728982
-0.13680011,-0.6135432,-0.030041449,0.2659037,-0.008987967,-2.2937691,-0.27488148
-0.35585204,-1.2205647,-0.34588796,-0.47165126,-0.068320185,-2.3927982,-0.26728982
-0.29820678,-0.9330282,-0.2878346,-0.15837191,-0.1869844,-2.2450662,-0.25199807
-0.14832915,-0.9649767,-0.20402008,-0.28700313,0.34603208,-1.9966822,-0.2595897
-0.27514872,-1.1886163,-0.26842302,-0.5634566,-0.098472476,-2.0470083,-0.21382277
-0.27514872,-1.0608222,-0.21055108,-0.19519779,-0.54200447,-2.19474,-0.26728982
-0.29820678,-1.0288738,-0.062152214,-0.047375597,-0.7793329,-2.3927982,-0.21382277
0.3818351,-0.038947053,0.58242124,0.91061604,-0.7793329,-2.2937691,-0.297765
0.28960282,-0.16674106,0.4857262,0.7819848,-0.83866495,-2.3440952,-0.297765
0.24348651,0.12079541,0.47937664,0.8924624,-1.0458411,-2.4431243,-0.3206484
0.1397251,-0.6135432,0.28598645,0.6341626,-0.9573292,-2.3927982,-0.36641532
0.11666703,-0.38990375,0.23428264,0.59733665,-0.986509,-2.491827,-0.3206484
0.34724793,-0.23016122,0.34385833,0.33955553,-0.2161641,-2.2450662,-0.3435319
0.070550725,-0.70938873,0.1698797,0.41320726,-0.1869844,-2.2450662,-0.2825816
-0.15985818,0.08884695,-0.100975424,1.1502435,-0.27549633,-1.9479795,-0.26728982
-0.4480845,0.15274398,-0.5586897,0.8924624,-0.098472476,-1.8002478,-0.2825816
-0.89754534,0.056898378,-0.8745362,0.81881064,-0.36498085,-2.0470083,-0.20623112
-1.0933672,-0.038947053,-1.0936877,0.81881064,0.25752017,-1.9966822,-0.19093925
-1.4622968,0.02494992,-1.6158048,1.1502435,0.22736786,-1.9479795,-0.17575596
-3.6982446,1.30289,-3.9043763,1.9427782,-0.24631639,-2.1460373,-0.10710562
-1.4392388,-0.35795522,-1.4418262,0.5791831,-0.54200447,-2.0470083,-0.038346674
-1.9924611,0.24858947,-1.9768239,1.0765918,-0.33482832,-1.7499213,-0.007871516
-1.2893611,0.08884695,-1.2999585,0.81881064,-0.24631639,-1.6508926,-0.030755034
-1.0933672,-0.4538007,-0.99046147,0.28405738,-0.6606687,-2.0957112,0.030303672
-0.59779006,-0.74133724,-0.6165617,0.08125567,0.25752017,-1.9479795,0.06077883
-0.37891012,-0.8371827,-0.43605205,-0.047375597,0.37618437,-1.9479795,0.09125399
-0.27514872,-0.9330282,-0.26207343,-0.15837191,-0.12765218,-2.2937691,0.07607071
-0.13680011,-0.9649767,-0.11385594,-0.2133514,0.19818793,-2.1460373,-0.007871516
-0.19444537,-0.5815947,-0.13308619,-0.08420147,-0.1869844,-2.2450662,0.007420362
-0.21750346,-0.51769775,-0.12673655,0.1735797,-0.5721567,-2.2937691,0.02260364
-0.28667775,-0.4857492,-0.15249775,0.04442976,-0.6606687,-2.3440952,-0.038346674
-0.13680011,-0.4218522,-0.0040989243,0.45003313,-0.7793329,-2.3440952,-0.007871516
0.024606558,-0.16674106,0.24716325,0.7451589,-0.72000086,-2.2450662,-0.038346674
0.013077603,-0.16674106,0.18276031,0.61600894,-0.8979971,-2.2937691,-0.038346674
-0.18291625,-0.6454917,-0.0040989243,0.41320726,-0.8688174,-2.2937691,-0.076521866
-0.42502636,-0.8052342,-0.26842302,-0.08420147,-0.9573292,-2.3927982,-0.14517231
-0.04456766,-0.9649767,-0.0040989243,-0.25017726,-0.1578047,-2.4431243,-0.14517231
0.24348651,-0.26210973,0.19564092,0.41320726,0.16900824,-2.0957112,-0.10710562
-0.14832915,0.15274398,-0.15249775,0.41320726,0.07952373,-1.8992765,-0.015463156
-1.6121744,0.31248638,-1.6932697,1.5008675,-0.03914049,-1.8489505,0.06837047
-2.165397,0.7597655,-2.3314939,1.7586488,0.10967624,-1.6508926,0.030303672
-1.934816,0.66391987,-2.1638646,1.5190212,0.34603208,-1.8489505,0.03789531
-2.4995673,0.85561097,-2.6279285,1.740495,0.5240283,-1.9479795,0.09125399
-3.1104348,1.1750959,-3.2146301,1.8877984,-0.1869844,-1.9479795,0.106545866
-2.2459283,0.24858947,-2.4410694,1.1502435,-0.33482832,-2.0470083,0.289722
-1.76188,0.34443495,-1.9447132,1.0584383,-0.12765218,-1.8002478,0.2744303
-0.79378396,0.18469244,-0.7069072,0.70833296,-0.1869844,-2.0470083,0.3506723
-0.8283711,-0.51769775,-0.7970713,0.3577091,-0.39416054,-1.9966822,0.3735558
-0.49420065,-0.6454917,-0.67461497,0.11808153,-0.008987967,-2.0957112,0.33548903
-0.45961353,-0.9010797,-0.45546362,-0.17652552,0.13885595,-2.19474,0.289722
-0.20597441,-0.9330282,-0.21690069,-0.19519779,-0.008987967,-2.0470083,0.17519622
-0.113741964,-0.9330282,-0.16537836,-0.23202367,0.22736786,-1.9966822,0.121837534
-0.14832915,-0.9010797,-0.17172791,-0.28700313,-0.1578047,-2.1460373,0.06837047
-0.14832915,-1.0608222,-0.09444438,-0.047375597,-0.42431283,-2.19474,0.14472106
-0.10221292,-0.5815947,-0.12020559,-0.08420147,-0.36498085,-2.0470083,0.12942939
0.105137914,-0.29405826,0.16334875,0.22907785,-0.72000086,-2.19474,0.121837534
0.12819599,0.08884695,0.27945542,0.43187955,-0.72000086,-2.1460373,0.030303672
0.16278318,-0.006998538,0.3632699,0.8737901,-0.631489,-2.0957112,-0.015463156
-0.033038624,-0.4538007,0.04742349,0.41320726,-0.72000086,-2.19474,-0.05363855
-0.0560967,-0.13479254,0.12470694,0.7451589,-0.5721567,-2.0957112,0.007420362
0.30113178,-0.13479254,0.24081369,0.1554261,0.10967624,-1.9966822,-0.030755034
0.013077603,-0.38990375,-0.12673655,0.11808153,0.22736786,-1.8992765,-0.114697255
-0.42502636,-0.10284408,-0.6359733,0.3763814,0.4355166,-1.6021897,-0.05363855
-1.4507678,0.12079541,-1.5965748,0.7451589,0.19818793,-1.6508926,-0.046046704
-1.5314711,0.02494992,-1.6803893,0.70833296,0.050344024,-1.6508926,-0.06893022
-2.3381608,0.8236624,-2.5569944,1.6663246,0.4646963,-1.8489505,0.02260364
-2.2115133,0.056898378,-2.518353,1.0584383,0.25752017,-1.8002478,0.02260364
-3.1680803,0.2166409,-3.3436174,0.9847865,-0.068320185,-1.8489505,0.03789531
-4.228409,1.7816406,-4.4136133,2.458859,-0.30564862,-1.8489505,0.045487158
-3.571425,1.8135892,-3.7625086,2.5330293,-0.1869844,-1.7012186,0.17519622
-2.7762644,0.53612596,-2.8730226,1.3717176,-0.45349252,-2.0470083,0.35837233
-1.8771706,-0.26210973,-2.015466,0.5423572,0.050344024,-1.9479795,0.30490547
-1.266303,-0.38990375,-1.2805468,0.46870542,-0.1578047,-2.19474,0.22866328
-0.40196827,-0.6454917,-0.4812248,0.11808153,0.25752017,-1.9479795,0.289722
-0.24056153,-0.77328575,-0.26842302,-0.02922198,0.13885595,-1.8489505,0.1523127
-0.113741964,-0.74133724,-0.14596671,-0.010549695,0.19818793,-1.9479795,0.05318719
-0.19444537,-1.0288738,-0.19113947,-0.3979995,0.4355166,-1.8002478,0.02260364
-0.15985818,-0.8371827,-0.13961715,-0.02922198,-0.42431283,-2.2450662,-0.030755034
-0.113741964,-0.29405826,-0.030041449,-0.047375597,-0.2161641,-1.9966822,-0.114697255
0.4048932,-0.16674106,0.46649605,0.6709885,-0.54200447,-2.0957112,-0.114697255
0.24348651,-0.006998538,0.3052166,0.5423572,-0.8688174,-2.3440952,-0.1604642
0.39336422,0.18469244,0.5566602,0.80013835,-0.8979971,-2.4431243,-0.21382277
0.24348651,0.12079541,0.44055346,0.8369643,-0.83866495,-2.2937691,-0.2215229
-0.14832915,-0.8371827,-0.030041449,0.30272964,-0.72000086,-2.2937691,-0.25199807
0.3126609,-0.4857492,0.21505249,0.21040556,0.16900824,-2.0957112,-0.297765
0.24348651,-0.29405826,0.015131323,0.1554261,0.37618437,-1.7012186,-0.26728982
-0.42502636,-0.19821271,-0.57157034,0.3577091,0.6426925,-1.3538055,-0.2215229
-1.5314711,0.66391987,-1.6996193,1.1134177,0.5240283,-1.3051028,-0.114697255
-2.2115133,0.98340493,-2.6536899,1.6294987,0.7312044,-1.3051028,-0.10710562
-2.8106794,1.749692,-3.1502273,2.1087537,1.0570447,-1.4041318,-0.09181374
-3.2141964,1.9094346,-3.556238,2.4775312,0.79053664,-1.3538055,0.02260364
-3.6982446,1.6538466,-3.8142123,2.2010777,-0.12765218,-1.8002478,0.03789531
-3.3756032,1.5260526,-3.5948796,2.2192316,-0.1578047,-1.8002478,0.083662346
-3.0758476,1.7816406,-3.2017496,2.514357,-0.068320185,-1.7012186,0.32019714
-2.418864,0.98340493,-2.544114,1.8323004,-0.24631639,-1.9966822,0.41932264
-0.7015515,0.02494992,-0.7907217,0.7633125,0.28669986,-1.6508926,0.3506723
-0.35585204,-0.16674106,-0.37818012,0.80013835,0.19818793,-1.9966822,0.26673007
-0.22903249,-1.1247193,-0.29436558,-0.48980483,0.16900824,-1.9966822,0.2744303
-0.20597441,-0.9969252,-0.21690069,-0.36065492,-0.098472476,-2.0470083,0.19807974
-0.033038624,-0.9649767,-0.09444438,-0.3793272,0.37618437,-1.8489505,0.09895422
-0.021509588,-0.86913127,-0.21055108,-0.26884955,0.28669986,-1.9966822,0.09895422
0.024606558,-0.6135432,0.02801184,-0.10287375,-0.008987967,-1.9479795,0.045487158
0.05919375,-0.51769775,0.040892445,0.063102044,0.3168524,-1.8992765,-0.007871516
0.34724793,-0.07089557,0.41479224,0.9847865,-0.24631639,-1.9479795,-0.06123019
0.35877705,-0.16674106,0.42767283,0.7633125,-0.33482832,-1.9966822,-0.09940538
0.26654458,0.2166409,0.45343405,0.7451589,-0.39416054,-1.9966822,-0.1222889
0.26654458,-0.10284408,0.26004386,0.59733665,-0.1578047,-1.8002478,-0.14517231
0.32418984,-0.038947053,0.37615052,0.5423572,-0.48364505,-1.8002478,-0.19093925
0.808238,0.15274398,0.78869206,0.8556366,0.3168524,-1.8489505,-0.20623112
0.42795143,-0.26210973,0.11182642,0.22907785,0.553208,-1.6021897,-0.19093925
-0.18291625,0.24858947,-0.44258305,0.5605108,0.96853286,-1.4041318,-0.2215229
-1.3700644,0.37638342,-1.480468,0.7264866,0.37618437,-1.3051028,-0.10710562
-2.7532063,1.0473019,-2.956837,1.740495,0.84986866,-1.4528346,-0.09181374
-1.4161806,0.66391987,-1.7447921,1.0584383,1.175709,-1.3538055,0.007420362
-1.4968841,0.408332,-1.7899649,1.2057418,1.4130377,-1.4041318,0.02260364
-2.9605575,0.18469244,-3.253272,1.1134177,0.5833605,-1.7499213,0.083662346
-1.9117577,-0.38990375,-2.0414085,0.41320726,0.020191735,-1.6508926,0.121837534
-1.2201868,0.02494992,-1.3064893,0.59733665,0.19818793,-1.8002478,0.23625492
-1.8656416,0.08884695,-1.9897047,0.81881064,-0.1869844,-1.9479795,0.3888475
-1.266303,0.02494992,-1.383773,0.7633125,-0.068320185,-1.9966822,0.44220617
-1.1394833,-0.3260067,-1.1388603,0.5236849,0.07952373,-1.9479795,0.3126055
-0.40196827,-0.51769775,-0.44893262,0.2659037,0.13885595,-2.0470083,0.32778877
-0.20597441,-0.74133724,-0.21690069,0.026276175,0.10967624,-2.0470083,0.23625492
-0.07915485,-0.8371827,-0.100975424,-0.08420147,0.020191735,-2.19474,0.09895422
-0.14832915,-0.9649767,-0.10732498,-0.010549695,0.19818793,-2.19474,0.045487158
-0.25209057,-0.6454917,-0.19767052,-0.02922198,-0.1869844,-1.9966822,0.02260364
-0.21750346,-0.9010797,-0.15249775,0.026276175,-0.1869844,-2.0470083,0.02260364
0.11666703,-0.29405826,0.22793308,0.5055313,-0.6606687,-2.2937691,-0.038346674
0.036135674,-0.5815947,0.16334875,0.28405738,-0.72000086,-2.2937691,-0.023163395
0.18584125,-0.038947053,0.3052166,0.7819848,-0.69082093,-2.2450662,-0.007871516
0.12819599,-0.38990375,0.24081369,0.486859,-0.631489,-2.2450662,-0.007871516
0.11666703,-0.38990375,0.22793308,0.6528349,-0.72000086,-2.2937691,0.05318719
0.34724793,0.02494992,0.45343405,0.59733665,-0.12765218,-2.2450662,0.1142459
0.4164223,-0.10284408,0.45996502,0.5055313,-0.008987967,-2.19474,0.030303672
0.32418984,0.28053793,0.3375088,0.80013835,0.13885595,-1.9479795,0.106545866
-0.28667775,0.12079541,-0.22978124,0.7264866,-0.12765218,-2.0470083,0.1523127
-0.8514292,0.53612596,-0.90664697,1.224414,-0.1869844,-2.19474,0.09125399
-1.0013069,0.2166409,-1.074276,1.13209,0.25752017,-1.9479795,0.16760457
-1.4277097,0.66391987,-1.6352164,1.2793936,0.7613567,-1.8002478,0.19807974
-1.2547739,0.08884695,-1.2934273,0.8369643,0.050344024,-1.7499213,0.22096324
-2.3151023,0.66391987,-2.383016,1.5190212,-0.1869844,-1.9479795,0.3506723
-0.96671975,0.4722289,-0.9647003,0.9661142,0.07952373,-1.7012186,0.2744303
-0.24056153,0.2166409,-0.32647634,0.59733665,0.19818793,-1.7499213,0.33548903
-0.30973583,-0.19821271,-0.2878346,0.5605108,0.28669986,-1.7499213,0.36596417
0.11666703,-0.29405826,0.053773046,0.39453498,0.553208,-1.8002478,0.25913844
-0.17138723,-0.8371827,-0.20402008,-0.17652552,0.28669986,-1.8002478,0.289722
-0.17138723,-0.9649767,-0.22343169,-0.41615307,0.28669986,-1.9479795,0.19807974
-0.07915485,-1.0288738,-0.12020559,-0.3979995,0.40536407,-1.9966822,0.2133714
-0.21750346,-1.0288738,-0.21690069,-0.3793272,-0.068320185,-2.2450662,0.16760457
-0.25209057,-0.9649767,-0.17825888,-0.28700313,-0.45349252,-2.3927982,0.121837534
0.0015485663,-0.51769775,-0.017160846,0.22907785,-0.39416054,-2.19474,0.106545866
0.33571896,-0.10284408,0.3890311,0.6896608,-0.6606687,-2.2937691,0.121837534
0.28960282,-0.26210973,0.45996502,0.70833296,-0.9271769,-2.2937691,0.106545866
0.28960282,-0.19821271,0.5051378,0.80013835,-0.986509,-2.491827,0.09895422
0.33571896,0.056898378,0.5695408,1.039766,-0.8979971,-2.4431243,0.083662346
0.32418984,-0.13479254,0.51801836,0.8556366,-0.8688174,-2.4431243,0.083662346
0.3126609,-0.10284408,0.26004386,0.43187955,-0.1578047,-2.2937691,0.12942939
0.05919375,-0.038947053,0.021662284,0.43187955,0.13885595,-1.9966822,0.20577976
-0.35585204,-0.16674106,-0.2878346,0.486859,-0.068320185,-1.9479795,0.2515468
-1.1164253,0.08884695,-1.0871565,0.80013835,-0.068320185,-1.6508926,0.32778877
-1.4161806,-0.26210973,-1.583694,0.7264866,0.49484858,-1.7499213,0.23625492
-1.277832,0.08884695,-1.4547068,0.8737901,0.553208,-2.0470083,0.33548903
-2.5341544,0.72781694,-2.7955575,1.5008675,0.5833605,-2.19474,0.4499064
-3.6521282,0.6319714,-3.756159,1.5008675,-0.098472476,-2.2450662,0.5109651
-2.1077516,0.08884695,-2.3572547,0.8737901,0.6426925,-1.8489505,0.5185568
-3.0989058,0.9514565,-3.2984445,1.7954744,0.050344024,-1.9966822,0.55673194
-1.277832,-0.07089557,-1.4031845,0.5236849,0.19818793,-1.8992765,0.50326484
-1.1855996,-0.3260067,-1.248436,0.43187955,0.49484858,-1.8002478,0.63297415
-0.6439063,-0.4218522,-0.91317797,0.30272964,0.7020247,-1.8002478,0.55673194
-0.4365554,-0.74133724,-0.5198665,0.13675381,0.3168524,-2.2937691,0.48038134
-0.113741964,-0.74133724,-0.15249775,0.063102044,0.34603208,-2.2450662,0.4346145
0.036135674,-0.86913127,0.015131323,0.04442976,0.16900824,-2.0957112,0.40413937
0.12819599,-0.6135432,-0.017160846,0.09992795,0.49484858,-2.2450662,0.4499064
0.013077603,-0.5815947,-0.08156378,0.1735797,0.22736786,-2.0957112,0.40413937
-0.0560967,-0.5815947,-0.10732498,0.11808153,-0.03914049,-2.3927982,0.38125584
0.18584125,-0.19821271,0.26004386,0.46870542,-0.69082093,-2.8376167,0.32019714
0.19737037,-0.19821271,0.3375088,0.5236849,-0.80948526,-2.8376167,0.3735558
0.18584125,-0.19821271,0.2665748,0.5236849,-0.83866495,-2.8879428,0.2744303
0.39336422,0.08884695,0.4728456,0.8737901,-0.631489,-2.6395588,0.32019714
0.08207984,-0.86913127,0.28598645,0.5055313,-0.6606687,-2.4431243,0.28202194
0.5547709,-0.038947053,0.5437796,0.486859,0.13885595,-2.3927982,0.16001293
0.18584125,-0.3260067,0.298867,0.33955553,0.19818793,-2.19474,0.121837534
0.05919375,0.056898378,0.079534255,0.7633125,0.4355166,-2.0957112,0.106545866
-0.033038624,0.056898378,-0.12673655,0.6341626,0.37618437,-1.5518636,0.121837534
-0.4365554,-0.10284408,-0.5198665,0.5605108,0.5240283,-1.6508926,0.05318719
-0.24056153,-0.26210973,-0.36511812,0.486859,0.84986866,-1.6508926,0.09895422
-0.9897778,-0.23016122,-1.1646215,0.6896608,0.6718722,-1.9479795,0.19807974
-2.2115133,-0.10284408,-2.3443744,0.46870542,0.07952373,-2.1460373,0.289722
-2.8567958,0.34443495,-3.0341206,1.4266971,0.050344024,-2.0957112,0.34308067
-3.0412605,1.1750959,-3.3176749,1.5745193,-0.03914049,-2.0470083,0.38125584
-1.7503511,0.34443495,-1.7382612,0.61600894,-0.098472476,-2.0957112,0.3506723
-1.3700644,-0.51769775,-1.5385213,0.43187955,-0.24631639,-2.3440952,0.50326484
-0.88601637,-0.4218522,-1.0421652,0.41320726,0.3168524,-2.0957112,0.34308067
-0.57473195,-0.6454917,-0.6165617,0.22907785,0.19818793,-2.2937691,0.3126055
-0.22903249,-0.9330282,-0.15884732,0.026276175,-0.24631639,-2.689885,0.2133714
0.013077603,-0.86913127,-0.03639109,-0.02922198,0.28669986,-2.4431243,0.22866328
-0.0560967,-0.9649767,-0.04927161,-0.12154602,0.13885595,-2.3927982,0.16760457
-0.19444537,-0.9649767,-0.17825888,-0.19519779,-0.12765218,-2.4431243,0.06077883
0.28960282,-0.13479254,0.38268155,0.8924624,-0.30564862,-2.590856,0.09895422
0.53171283,0.18469244,0.62106305,0.8556366,-0.30564862,-2.3927982,0.09125399